subject,scenario,rep,n_items_total,n_items_on_whitelist,evidence_precision,expected_types
s1-flask-catalog,F1,r1,7,2,0.2857,ChangedFile|JobLog|TestResult
s1-flask-catalog,F1,r10,7,2,0.2857,ChangedFile|JobLog|TestResult
s1-flask-catalog,F1,r2,7,2,0.2857,ChangedFile|JobLog|TestResult
s1-flask-catalog,F1,r3,7,2,0.2857,ChangedFile|JobLog|TestResult
s1-flask-catalog,F1,r4,7,2,0.2857,ChangedFile|JobLog|TestResult
s1-flask-catalog,F1,r5,7,2,0.2857,ChangedFile|JobLog|TestResult
s1-flask-catalog,F1,r6,7,2,0.2857,ChangedFile|JobLog|TestResult
s1-flask-catalog,F1,r7,7,2,0.2857,ChangedFile|JobLog|TestResult
s1-flask-catalog,F1,r8,7,2,0.2857,ChangedFile|JobLog|TestResult
s1-flask-catalog,F1,r9,7,2,0.2857,ChangedFile|JobLog|TestResult
s1-flask-catalog,F10,r1,13,4,0.3077,TestResult
s1-flask-catalog,F10,r10,13,4,0.3077,TestResult
s1-flask-catalog,F10,r2,13,4,0.3077,TestResult
s1-flask-catalog,F10,r3,13,4,0.3077,TestResult
s1-flask-catalog,F10,r4,13,4,0.3077,TestResult
s1-flask-catalog,F10,r5,13,4,0.3077,TestResult
s1-flask-catalog,F10,r6,13,4,0.3077,TestResult
s1-flask-catalog,F10,r7,13,4,0.3077,TestResult
s1-flask-catalog,F10,r8,13,4,0.3077,TestResult
s1-flask-catalog,F10,r9,13,4,0.3077,TestResult
s1-flask-catalog,F2,r1,8,3,0.3750,ChangedFile|KubernetesEvent|PodLog
s1-flask-catalog,F2,r10,9,4,0.4444,ChangedFile|KubernetesEvent|PodLog
s1-flask-catalog,F2,r2,8,3,0.3750,ChangedFile|KubernetesEvent|PodLog
s1-flask-catalog,F2,r3,9,4,0.4444,ChangedFile|KubernetesEvent|PodLog
s1-flask-catalog,F2,r4,9,4,0.4444,ChangedFile|KubernetesEvent|PodLog
s1-flask-catalog,F2,r5,9,4,0.4444,ChangedFile|KubernetesEvent|PodLog
s1-flask-catalog,F2,r6,9,4,0.4444,ChangedFile|KubernetesEvent|PodLog
s1-flask-catalog,F2,r7,9,4,0.4444,ChangedFile|KubernetesEvent|PodLog
s1-flask-catalog,F2,r8,9,4,0.4444,ChangedFile|KubernetesEvent|PodLog
s1-flask-catalog,F2,r9,9,4,0.4444,ChangedFile|KubernetesEvent|PodLog
s1-flask-catalog,F3,r1,8,4,0.5000,ChangedFile|KubernetesEvent
s1-flask-catalog,F3,r10,8,4,0.5000,ChangedFile|KubernetesEvent
s1-flask-catalog,F3,r2,8,4,0.5000,ChangedFile|KubernetesEvent
s1-flask-catalog,F3,r3,8,4,0.5000,ChangedFile|KubernetesEvent
s1-flask-catalog,F3,r4,8,4,0.5000,ChangedFile|KubernetesEvent
s1-flask-catalog,F3,r5,8,4,0.5000,ChangedFile|KubernetesEvent
s1-flask-catalog,F3,r6,8,4,0.5000,ChangedFile|KubernetesEvent
s1-flask-catalog,F3,r7,8,4,0.5000,ChangedFile|KubernetesEvent
s1-flask-catalog,F3,r8,8,4,0.5000,ChangedFile|KubernetesEvent
s1-flask-catalog,F3,r9,8,4,0.5000,ChangedFile|KubernetesEvent
s1-flask-catalog,F4,r1,13,5,0.3846,ChangedFile|TestResult
s1-flask-catalog,F4,r10,13,5,0.3846,ChangedFile|TestResult
s1-flask-catalog,F4,r2,13,5,0.3846,ChangedFile|TestResult
s1-flask-catalog,F4,r3,13,5,0.3846,ChangedFile|TestResult
s1-flask-catalog,F4,r4,13,5,0.3846,ChangedFile|TestResult
s1-flask-catalog,F4,r5,13,5,0.3846,ChangedFile|TestResult
s1-flask-catalog,F4,r6,13,5,0.3846,ChangedFile|TestResult
s1-flask-catalog,F4,r7,13,5,0.3846,ChangedFile|TestResult
s1-flask-catalog,F4,r8,13,5,0.3846,ChangedFile|TestResult
s1-flask-catalog,F4,r9,13,5,0.3846,ChangedFile|TestResult
s1-flask-catalog,F5,r1,13,5,0.3846,ChangedFile|TestResult
s1-flask-catalog,F5,r10,12,4,0.3333,ChangedFile|TestResult
s1-flask-catalog,F5,r2,12,4,0.3333,ChangedFile|TestResult
s1-flask-catalog,F5,r3,13,5,0.3846,ChangedFile|TestResult
s1-flask-catalog,F5,r4,13,5,0.3846,ChangedFile|TestResult
s1-flask-catalog,F5,r5,13,5,0.3846,ChangedFile|TestResult
s1-flask-catalog,F5,r6,13,5,0.3846,ChangedFile|TestResult
s1-flask-catalog,F5,r7,12,4,0.3333,ChangedFile|TestResult
s1-flask-catalog,F5,r8,13,5,0.3846,ChangedFile|TestResult
s1-flask-catalog,F5,r9,13,5,0.3846,ChangedFile|TestResult
s1-flask-catalog,F6,r1,13,0,0.0000,KubernetesEvent|PodLog
s1-flask-catalog,F6,r10,13,0,0.0000,KubernetesEvent|PodLog
s1-flask-catalog,F6,r2,13,0,0.0000,KubernetesEvent|PodLog
s1-flask-catalog,F6,r3,13,0,0.0000,KubernetesEvent|PodLog
s1-flask-catalog,F6,r4,13,0,0.0000,KubernetesEvent|PodLog
s1-flask-catalog,F6,r5,13,0,0.0000,KubernetesEvent|PodLog
s1-flask-catalog,F6,r6,13,0,0.0000,KubernetesEvent|PodLog
s1-flask-catalog,F6,r7,7,2,0.2857,KubernetesEvent|PodLog
s1-flask-catalog,F6,r8,13,0,0.0000,KubernetesEvent|PodLog
s1-flask-catalog,F6,r9,13,0,0.0000,KubernetesEvent|PodLog
s1-flask-catalog,F7,r1,1,0,0.0000,KubernetesEvent|TestResult
s1-flask-catalog,F7,r10,11,4,0.3636,KubernetesEvent|TestResult
s1-flask-catalog,F7,r2,11,4,0.3636,KubernetesEvent|TestResult
s1-flask-catalog,F7,r3,11,4,0.3636,KubernetesEvent|TestResult
s1-flask-catalog,F7,r4,11,4,0.3636,KubernetesEvent|TestResult
s1-flask-catalog,F7,r5,11,4,0.3636,KubernetesEvent|TestResult
s1-flask-catalog,F7,r6,11,4,0.3636,KubernetesEvent|TestResult
s1-flask-catalog,F7,r7,11,4,0.3636,KubernetesEvent|TestResult
s1-flask-catalog,F7,r8,11,4,0.3636,KubernetesEvent|TestResult
s1-flask-catalog,F7,r9,11,4,0.3636,KubernetesEvent|TestResult
s1-flask-catalog,F8,r1,13,4,0.3077,PodLog|TestResult|TraceSpan
s1-flask-catalog,F8,r10,13,4,0.3077,PodLog|TestResult|TraceSpan
s1-flask-catalog,F8,r2,13,4,0.3077,PodLog|TestResult|TraceSpan
s1-flask-catalog,F8,r3,13,4,0.3077,PodLog|TestResult|TraceSpan
s1-flask-catalog,F8,r4,13,4,0.3077,PodLog|TestResult|TraceSpan
s1-flask-catalog,F8,r5,13,4,0.3077,PodLog|TestResult|TraceSpan
s1-flask-catalog,F8,r6,13,4,0.3077,PodLog|TestResult|TraceSpan
s1-flask-catalog,F8,r7,13,4,0.3077,PodLog|TestResult|TraceSpan
s1-flask-catalog,F8,r8,13,4,0.3077,PodLog|TestResult|TraceSpan
s1-flask-catalog,F8,r9,13,4,0.3077,PodLog|TestResult|TraceSpan
s1-flask-catalog,F9,r1,12,4,0.3333,JobLog|TestResult
s1-flask-catalog,F9,r10,12,4,0.3333,JobLog|TestResult
s1-flask-catalog,F9,r2,12,4,0.3333,JobLog|TestResult
s1-flask-catalog,F9,r3,12,4,0.3333,JobLog|TestResult
s1-flask-catalog,F9,r4,12,4,0.3333,JobLog|TestResult
s1-flask-catalog,F9,r5,12,4,0.3333,JobLog|TestResult
s1-flask-catalog,F9,r6,12,4,0.3333,JobLog|TestResult
s1-flask-catalog,F9,r7,12,4,0.3333,JobLog|TestResult
s1-flask-catalog,F9,r8,12,4,0.3333,JobLog|TestResult
s1-flask-catalog,F9,r9,12,4,0.3333,JobLog|TestResult
s2-listmonk,F1,r1,4,0,0.0000,ChangedFile|JobLog|TestResult
s2-listmonk,F1,r10,4,0,0.0000,ChangedFile|JobLog|TestResult
s2-listmonk,F1,r2,4,0,0.0000,ChangedFile|JobLog|TestResult
s2-listmonk,F1,r3,4,0,0.0000,ChangedFile|JobLog|TestResult
s2-listmonk,F1,r4,4,0,0.0000,ChangedFile|JobLog|TestResult
s2-listmonk,F1,r5,4,0,0.0000,ChangedFile|JobLog|TestResult
s2-listmonk,F1,r6,4,0,0.0000,ChangedFile|JobLog|TestResult
s2-listmonk,F1,r7,4,0,0.0000,ChangedFile|JobLog|TestResult
s2-listmonk,F1,r8,4,0,0.0000,ChangedFile|JobLog|TestResult
s2-listmonk,F1,r9,4,0,0.0000,ChangedFile|JobLog|TestResult
s2-listmonk,F10,r1,9,3,0.3333,TestResult
s2-listmonk,F10,r10,9,3,0.3333,TestResult
s2-listmonk,F10,r2,9,3,0.3333,TestResult
s2-listmonk,F10,r3,9,3,0.3333,TestResult
s2-listmonk,F10,r4,9,3,0.3333,TestResult
s2-listmonk,F10,r5,9,3,0.3333,TestResult
s2-listmonk,F10,r6,9,3,0.3333,TestResult
s2-listmonk,F10,r7,9,3,0.3333,TestResult
s2-listmonk,F10,r8,9,3,0.3333,TestResult
s2-listmonk,F10,r9,9,3,0.3333,TestResult
s2-listmonk,F2,r1,9,0,0.0000,ChangedFile|KubernetesEvent|PodLog
s2-listmonk,F2,r10,9,0,0.0000,ChangedFile|KubernetesEvent|PodLog
s2-listmonk,F2,r2,9,0,0.0000,ChangedFile|KubernetesEvent|PodLog
s2-listmonk,F2,r3,9,0,0.0000,ChangedFile|KubernetesEvent|PodLog
s2-listmonk,F2,r4,9,0,0.0000,ChangedFile|KubernetesEvent|PodLog
s2-listmonk,F2,r5,9,0,0.0000,ChangedFile|KubernetesEvent|PodLog
s2-listmonk,F2,r6,9,0,0.0000,ChangedFile|KubernetesEvent|PodLog
s2-listmonk,F2,r7,9,0,0.0000,ChangedFile|KubernetesEvent|PodLog
s2-listmonk,F2,r8,9,0,0.0000,ChangedFile|KubernetesEvent|PodLog
s2-listmonk,F2,r9,9,0,0.0000,ChangedFile|KubernetesEvent|PodLog
s2-listmonk,F3,r1,6,3,0.5000,ChangedFile|KubernetesEvent
s2-listmonk,F3,r10,6,3,0.5000,ChangedFile|KubernetesEvent
s2-listmonk,F3,r2,6,3,0.5000,ChangedFile|KubernetesEvent
s2-listmonk,F3,r3,6,3,0.5000,ChangedFile|KubernetesEvent
s2-listmonk,F3,r4,6,3,0.5000,ChangedFile|KubernetesEvent
s2-listmonk,F3,r5,6,3,0.5000,ChangedFile|KubernetesEvent
s2-listmonk,F3,r6,6,3,0.5000,ChangedFile|KubernetesEvent
s2-listmonk,F3,r7,6,3,0.5000,ChangedFile|KubernetesEvent
s2-listmonk,F3,r8,6,3,0.5000,ChangedFile|KubernetesEvent
s2-listmonk,F3,r9,6,3,0.5000,ChangedFile|KubernetesEvent
s2-listmonk,F4,r1,6,0,0.0000,ChangedFile|TestResult
s2-listmonk,F4,r10,5,0,0.0000,ChangedFile|TestResult
s2-listmonk,F4,r2,5,0,0.0000,ChangedFile|TestResult
s2-listmonk,F4,r3,6,0,0.0000,ChangedFile|TestResult
s2-listmonk,F4,r4,6,0,0.0000,ChangedFile|TestResult
s2-listmonk,F4,r5,6,0,0.0000,ChangedFile|TestResult
s2-listmonk,F4,r6,5,0,0.0000,ChangedFile|TestResult
s2-listmonk,F4,r7,5,0,0.0000,ChangedFile|TestResult
s2-listmonk,F4,r8,6,0,0.0000,ChangedFile|TestResult
s2-listmonk,F4,r9,5,0,0.0000,ChangedFile|TestResult
s2-listmonk,F5,r1,9,3,0.3333,ChangedFile|TestResult
s2-listmonk,F5,r10,9,3,0.3333,ChangedFile|TestResult
s2-listmonk,F5,r2,9,3,0.3333,ChangedFile|TestResult
s2-listmonk,F5,r3,9,3,0.3333,ChangedFile|TestResult
s2-listmonk,F5,r4,9,3,0.3333,ChangedFile|TestResult
s2-listmonk,F5,r5,9,3,0.3333,ChangedFile|TestResult
s2-listmonk,F5,r6,9,3,0.3333,ChangedFile|TestResult
s2-listmonk,F5,r7,9,3,0.3333,ChangedFile|TestResult
s2-listmonk,F5,r8,9,3,0.3333,ChangedFile|TestResult
s2-listmonk,F5,r9,9,3,0.3333,ChangedFile|TestResult
s2-listmonk,F6,r1,6,2,0.3333,KubernetesEvent|PodLog
s2-listmonk,F6,r10,6,2,0.3333,KubernetesEvent|PodLog
s2-listmonk,F6,r2,6,2,0.3333,KubernetesEvent|PodLog
s2-listmonk,F6,r3,6,2,0.3333,KubernetesEvent|PodLog
s2-listmonk,F6,r4,6,2,0.3333,KubernetesEvent|PodLog
s2-listmonk,F6,r5,6,2,0.3333,KubernetesEvent|PodLog
s2-listmonk,F6,r6,6,2,0.3333,KubernetesEvent|PodLog
s2-listmonk,F6,r7,6,2,0.3333,KubernetesEvent|PodLog
s2-listmonk,F6,r8,6,2,0.3333,KubernetesEvent|PodLog
s2-listmonk,F6,r9,6,2,0.3333,KubernetesEvent|PodLog
s2-listmonk,F7,r1,6,1,0.1667,KubernetesEvent|TestResult
s2-listmonk,F7,r10,9,3,0.3333,KubernetesEvent|TestResult
s2-listmonk,F7,r2,6,1,0.1667,KubernetesEvent|TestResult
s2-listmonk,F7,r3,6,1,0.1667,KubernetesEvent|TestResult
s2-listmonk,F7,r4,7,1,0.1429,KubernetesEvent|TestResult
s2-listmonk,F7,r5,7,1,0.1429,KubernetesEvent|TestResult
s2-listmonk,F7,r6,7,1,0.1429,KubernetesEvent|TestResult
s2-listmonk,F7,r7,7,1,0.1429,KubernetesEvent|TestResult
s2-listmonk,F7,r8,8,2,0.2500,KubernetesEvent|TestResult
s2-listmonk,F7,r9,9,3,0.3333,KubernetesEvent|TestResult
s2-listmonk,F8,r1,6,2,0.3333,PodLog|TestResult|TraceSpan
s2-listmonk,F8,r10,5,1,0.2000,PodLog|TestResult|TraceSpan
s2-listmonk,F8,r2,5,1,0.2000,PodLog|TestResult|TraceSpan
s2-listmonk,F8,r3,5,1,0.2000,PodLog|TestResult|TraceSpan
s2-listmonk,F8,r4,5,1,0.2000,PodLog|TestResult|TraceSpan
s2-listmonk,F8,r5,5,1,0.2000,PodLog|TestResult|TraceSpan
s2-listmonk,F8,r6,5,1,0.2000,PodLog|TestResult|TraceSpan
s2-listmonk,F8,r7,5,1,0.2000,PodLog|TestResult|TraceSpan
s2-listmonk,F8,r8,5,1,0.2000,PodLog|TestResult|TraceSpan
s2-listmonk,F8,r9,5,1,0.2000,PodLog|TestResult|TraceSpan
s2-listmonk,F9,r1,5,1,0.2000,JobLog|TestResult
s2-listmonk,F9,r10,5,1,0.2000,JobLog|TestResult
s2-listmonk,F9,r2,5,1,0.2000,JobLog|TestResult
s2-listmonk,F9,r3,5,1,0.2000,JobLog|TestResult
s2-listmonk,F9,r4,5,1,0.2000,JobLog|TestResult
s2-listmonk,F9,r5,5,1,0.2000,JobLog|TestResult
s2-listmonk,F9,r6,5,1,0.2000,JobLog|TestResult
s2-listmonk,F9,r7,5,1,0.2000,JobLog|TestResult
s2-listmonk,F9,r8,6,1,0.1667,JobLog|TestResult
s2-listmonk,F9,r9,5,1,0.2000,JobLog|TestResult
s3-healthchecks,F1,r1,4,0,0.0000,ChangedFile|JobLog|TestResult
s3-healthchecks,F1,r10,4,0,0.0000,ChangedFile|JobLog|TestResult
s3-healthchecks,F1,r2,4,0,0.0000,ChangedFile|JobLog|TestResult
s3-healthchecks,F1,r3,4,0,0.0000,ChangedFile|JobLog|TestResult
s3-healthchecks,F1,r4,4,0,0.0000,ChangedFile|JobLog|TestResult
s3-healthchecks,F1,r5,5,0,0.0000,ChangedFile|JobLog|TestResult
s3-healthchecks,F1,r6,4,0,0.0000,ChangedFile|JobLog|TestResult
s3-healthchecks,F1,r7,4,0,0.0000,ChangedFile|JobLog|TestResult
s3-healthchecks,F1,r8,4,0,0.0000,ChangedFile|JobLog|TestResult
s3-healthchecks,F1,r9,4,0,0.0000,ChangedFile|JobLog|TestResult
s3-healthchecks,F10,r1,9,3,0.3333,TestResult
s3-healthchecks,F10,r10,9,3,0.3333,TestResult
s3-healthchecks,F10,r2,9,3,0.3333,TestResult
s3-healthchecks,F10,r3,9,3,0.3333,TestResult
s3-healthchecks,F10,r4,9,3,0.3333,TestResult
s3-healthchecks,F10,r5,9,3,0.3333,TestResult
s3-healthchecks,F10,r6,9,3,0.3333,TestResult
s3-healthchecks,F10,r7,9,3,0.3333,TestResult
s3-healthchecks,F10,r8,9,3,0.3333,TestResult
s3-healthchecks,F10,r9,9,3,0.3333,TestResult
s3-healthchecks,F2,r1,9,0,0.0000,ChangedFile|KubernetesEvent|PodLog
s3-healthchecks,F2,r10,9,0,0.0000,ChangedFile|KubernetesEvent|PodLog
s3-healthchecks,F2,r2,9,0,0.0000,ChangedFile|KubernetesEvent|PodLog
s3-healthchecks,F2,r3,9,0,0.0000,ChangedFile|KubernetesEvent|PodLog
s3-healthchecks,F2,r4,9,0,0.0000,ChangedFile|KubernetesEvent|PodLog
s3-healthchecks,F2,r5,9,0,0.0000,ChangedFile|KubernetesEvent|PodLog
s3-healthchecks,F2,r6,9,0,0.0000,ChangedFile|KubernetesEvent|PodLog
s3-healthchecks,F2,r7,9,0,0.0000,ChangedFile|KubernetesEvent|PodLog
s3-healthchecks,F2,r8,9,0,0.0000,ChangedFile|KubernetesEvent|PodLog
s3-healthchecks,F2,r9,9,0,0.0000,ChangedFile|KubernetesEvent|PodLog
s3-healthchecks,F3,r1,6,3,0.5000,ChangedFile|KubernetesEvent
s3-healthchecks,F3,r10,6,3,0.5000,ChangedFile|KubernetesEvent
s3-healthchecks,F3,r2,6,3,0.5000,ChangedFile|KubernetesEvent
s3-healthchecks,F3,r3,6,3,0.5000,ChangedFile|KubernetesEvent
s3-healthchecks,F3,r4,6,3,0.5000,ChangedFile|KubernetesEvent
s3-healthchecks,F3,r5,6,3,0.5000,ChangedFile|KubernetesEvent
s3-healthchecks,F3,r6,6,3,0.5000,ChangedFile|KubernetesEvent
s3-healthchecks,F3,r7,6,3,0.5000,ChangedFile|KubernetesEvent
s3-healthchecks,F3,r8,6,3,0.5000,ChangedFile|KubernetesEvent
s3-healthchecks,F3,r9,6,3,0.5000,ChangedFile|KubernetesEvent
s3-healthchecks,F4,r1,5,0,0.0000,ChangedFile|TestResult
s3-healthchecks,F4,r10,6,0,0.0000,ChangedFile|TestResult
s3-healthchecks,F4,r2,6,0,0.0000,ChangedFile|TestResult
s3-healthchecks,F4,r3,6,0,0.0000,ChangedFile|TestResult
s3-healthchecks,F4,r4,5,0,0.0000,ChangedFile|TestResult
s3-healthchecks,F4,r5,6,0,0.0000,ChangedFile|TestResult
s3-healthchecks,F4,r6,6,0,0.0000,ChangedFile|TestResult
s3-healthchecks,F4,r7,7,0,0.0000,ChangedFile|TestResult
s3-healthchecks,F4,r8,6,0,0.0000,ChangedFile|TestResult
s3-healthchecks,F4,r9,7,0,0.0000,ChangedFile|TestResult
s3-healthchecks,F5,r1,9,3,0.3333,ChangedFile|TestResult
s3-healthchecks,F5,r10,9,3,0.3333,ChangedFile|TestResult
s3-healthchecks,F5,r2,9,3,0.3333,ChangedFile|TestResult
s3-healthchecks,F5,r3,9,3,0.3333,ChangedFile|TestResult
s3-healthchecks,F5,r4,9,3,0.3333,ChangedFile|TestResult
s3-healthchecks,F5,r5,9,3,0.3333,ChangedFile|TestResult
s3-healthchecks,F5,r6,9,3,0.3333,ChangedFile|TestResult
s3-healthchecks,F5,r7,9,3,0.3333,ChangedFile|TestResult
s3-healthchecks,F5,r8,9,3,0.3333,ChangedFile|TestResult
s3-healthchecks,F5,r9,9,3,0.3333,ChangedFile|TestResult
s3-healthchecks,F6,r1,6,2,0.3333,KubernetesEvent|PodLog
s3-healthchecks,F6,r10,7,3,0.4286,KubernetesEvent|PodLog
s3-healthchecks,F6,r2,6,2,0.3333,KubernetesEvent|PodLog
s3-healthchecks,F6,r3,6,2,0.3333,KubernetesEvent|PodLog
s3-healthchecks,F6,r4,7,3,0.4286,KubernetesEvent|PodLog
s3-healthchecks,F6,r5,7,3,0.4286,KubernetesEvent|PodLog
s3-healthchecks,F6,r6,8,4,0.5000,KubernetesEvent|PodLog
s3-healthchecks,F6,r7,7,3,0.4286,KubernetesEvent|PodLog
s3-healthchecks,F6,r8,7,3,0.4286,KubernetesEvent|PodLog
s3-healthchecks,F6,r9,7,3,0.4286,KubernetesEvent|PodLog
s3-healthchecks,F7,r1,6,1,0.1667,KubernetesEvent|TestResult
s3-healthchecks,F7,r10,7,1,0.1429,KubernetesEvent|TestResult
s3-healthchecks,F7,r2,6,1,0.1667,KubernetesEvent|TestResult
s3-healthchecks,F7,r3,6,1,0.1667,KubernetesEvent|TestResult
s3-healthchecks,F7,r4,7,1,0.1429,KubernetesEvent|TestResult
s3-healthchecks,F7,r5,7,1,0.1429,KubernetesEvent|TestResult
s3-healthchecks,F7,r6,8,2,0.2500,KubernetesEvent|TestResult
s3-healthchecks,F7,r7,7,1,0.1429,KubernetesEvent|TestResult
s3-healthchecks,F7,r8,7,1,0.1429,KubernetesEvent|TestResult
s3-healthchecks,F7,r9,7,1,0.1429,KubernetesEvent|TestResult
s3-healthchecks,F8,r1,5,1,0.2000,PodLog|TestResult|TraceSpan
s3-healthchecks,F8,r10,5,1,0.2000,PodLog|TestResult|TraceSpan
s3-healthchecks,F8,r2,5,1,0.2000,PodLog|TestResult|TraceSpan
s3-healthchecks,F8,r3,5,1,0.2000,PodLog|TestResult|TraceSpan
s3-healthchecks,F8,r4,5,1,0.2000,PodLog|TestResult|TraceSpan
s3-healthchecks,F8,r5,5,1,0.2000,PodLog|TestResult|TraceSpan
s3-healthchecks,F8,r6,5,1,0.2000,PodLog|TestResult|TraceSpan
s3-healthchecks,F8,r7,5,1,0.2000,PodLog|TestResult|TraceSpan
s3-healthchecks,F8,r8,5,1,0.2000,PodLog|TestResult|TraceSpan
s3-healthchecks,F8,r9,5,1,0.2000,PodLog|TestResult|TraceSpan
s3-healthchecks,F9,r1,5,1,0.2000,JobLog|TestResult
s3-healthchecks,F9,r10,5,1,0.2000,JobLog|TestResult
s3-healthchecks,F9,r2,5,1,0.2000,JobLog|TestResult
s3-healthchecks,F9,r3,5,1,0.2000,JobLog|TestResult
s3-healthchecks,F9,r4,5,1,0.2000,JobLog|TestResult
s3-healthchecks,F9,r5,5,1,0.2000,JobLog|TestResult
s3-healthchecks,F9,r6,5,1,0.2000,JobLog|TestResult
s3-healthchecks,F9,r7,5,1,0.2000,JobLog|TestResult
s3-healthchecks,F9,r8,5,1,0.2000,JobLog|TestResult
s3-healthchecks,F9,r9,5,1,0.2000,JobLog|TestResult
s4-umami,F1,r1,4,0,0.0000,ChangedFile|JobLog|TestResult
s4-umami,F1,r10,4,0,0.0000,ChangedFile|JobLog|TestResult
s4-umami,F1,r2,4,0,0.0000,ChangedFile|JobLog|TestResult
s4-umami,F1,r3,4,0,0.0000,ChangedFile|JobLog|TestResult
s4-umami,F1,r4,6,0,0.0000,ChangedFile|JobLog|TestResult
s4-umami,F1,r5,6,0,0.0000,ChangedFile|JobLog|TestResult
s4-umami,F1,r6,4,0,0.0000,ChangedFile|JobLog|TestResult
s4-umami,F1,r7,4,0,0.0000,ChangedFile|JobLog|TestResult
s4-umami,F1,r8,4,0,0.0000,ChangedFile|JobLog|TestResult
s4-umami,F1,r9,4,0,0.0000,ChangedFile|JobLog|TestResult
s4-umami,F10,r1,9,3,0.3333,TestResult
s4-umami,F10,r10,9,3,0.3333,TestResult
s4-umami,F10,r2,9,3,0.3333,TestResult
s4-umami,F10,r3,9,3,0.3333,TestResult
s4-umami,F10,r4,9,3,0.3333,TestResult
s4-umami,F10,r5,9,3,0.3333,TestResult
s4-umami,F10,r6,9,3,0.3333,TestResult
s4-umami,F10,r7,9,3,0.3333,TestResult
s4-umami,F10,r8,9,3,0.3333,TestResult
s4-umami,F10,r9,9,3,0.3333,TestResult
s4-umami,F2,r1,9,0,0.0000,ChangedFile|KubernetesEvent|PodLog
s4-umami,F2,r10,9,0,0.0000,ChangedFile|KubernetesEvent|PodLog
s4-umami,F2,r2,2,0,0.0000,ChangedFile|KubernetesEvent|PodLog
s4-umami,F2,r3,9,0,0.0000,ChangedFile|KubernetesEvent|PodLog
s4-umami,F2,r4,9,0,0.0000,ChangedFile|KubernetesEvent|PodLog
s4-umami,F2,r5,9,0,0.0000,ChangedFile|KubernetesEvent|PodLog
s4-umami,F2,r6,9,0,0.0000,ChangedFile|KubernetesEvent|PodLog
s4-umami,F2,r7,9,0,0.0000,ChangedFile|KubernetesEvent|PodLog
s4-umami,F2,r8,9,0,0.0000,ChangedFile|KubernetesEvent|PodLog
s4-umami,F2,r9,9,0,0.0000,ChangedFile|KubernetesEvent|PodLog
s4-umami,F3,r1,6,3,0.5000,ChangedFile|KubernetesEvent
s4-umami,F3,r10,6,3,0.5000,ChangedFile|KubernetesEvent
s4-umami,F3,r2,6,3,0.5000,ChangedFile|KubernetesEvent
s4-umami,F3,r3,6,3,0.5000,ChangedFile|KubernetesEvent
s4-umami,F3,r4,6,3,0.5000,ChangedFile|KubernetesEvent
s4-umami,F3,r5,6,3,0.5000,ChangedFile|KubernetesEvent
s4-umami,F3,r6,6,3,0.5000,ChangedFile|KubernetesEvent
s4-umami,F3,r7,6,3,0.5000,ChangedFile|KubernetesEvent
s4-umami,F3,r8,6,3,0.5000,ChangedFile|KubernetesEvent
s4-umami,F3,r9,6,3,0.5000,ChangedFile|KubernetesEvent
s4-umami,F4,r1,6,0,0.0000,ChangedFile|TestResult
s4-umami,F4,r10,6,0,0.0000,ChangedFile|TestResult
s4-umami,F4,r2,6,0,0.0000,ChangedFile|TestResult
s4-umami,F4,r3,5,0,0.0000,ChangedFile|TestResult
s4-umami,F4,r4,5,0,0.0000,ChangedFile|TestResult
s4-umami,F4,r5,5,0,0.0000,ChangedFile|TestResult
s4-umami,F4,r6,5,0,0.0000,ChangedFile|TestResult
s4-umami,F4,r7,5,0,0.0000,ChangedFile|TestResult
s4-umami,F4,r8,6,0,0.0000,ChangedFile|TestResult
s4-umami,F4,r9,6,0,0.0000,ChangedFile|TestResult
s4-umami,F5,r1,9,3,0.3333,ChangedFile|TestResult
s4-umami,F5,r10,9,3,0.3333,ChangedFile|TestResult
s4-umami,F5,r2,9,3,0.3333,ChangedFile|TestResult
s4-umami,F5,r3,9,3,0.3333,ChangedFile|TestResult
s4-umami,F5,r4,9,3,0.3333,ChangedFile|TestResult
s4-umami,F5,r5,9,3,0.3333,ChangedFile|TestResult
s4-umami,F5,r6,9,3,0.3333,ChangedFile|TestResult
s4-umami,F5,r7,9,3,0.3333,ChangedFile|TestResult
s4-umami,F5,r8,9,3,0.3333,ChangedFile|TestResult
s4-umami,F5,r9,9,3,0.3333,ChangedFile|TestResult
s4-umami,F6,r1,6,2,0.3333,KubernetesEvent|PodLog
s4-umami,F6,r10,6,2,0.3333,KubernetesEvent|PodLog
s4-umami,F6,r2,6,2,0.3333,KubernetesEvent|PodLog
s4-umami,F6,r3,6,2,0.3333,KubernetesEvent|PodLog
s4-umami,F6,r4,6,2,0.3333,KubernetesEvent|PodLog
s4-umami,F6,r5,6,2,0.3333,KubernetesEvent|PodLog
s4-umami,F6,r6,6,2,0.3333,KubernetesEvent|PodLog
s4-umami,F6,r7,6,2,0.3333,KubernetesEvent|PodLog
s4-umami,F6,r8,6,2,0.3333,KubernetesEvent|PodLog
s4-umami,F6,r9,6,2,0.3333,KubernetesEvent|PodLog
s4-umami,F7,r1,6,1,0.1667,KubernetesEvent|TestResult
s4-umami,F7,r10,8,3,0.3750,KubernetesEvent|TestResult
s4-umami,F7,r2,6,1,0.1667,KubernetesEvent|TestResult
s4-umami,F7,r3,6,1,0.1667,KubernetesEvent|TestResult
s4-umami,F7,r4,6,1,0.1667,KubernetesEvent|TestResult
s4-umami,F7,r5,6,1,0.1667,KubernetesEvent|TestResult
s4-umami,F7,r6,8,3,0.3750,KubernetesEvent|TestResult
s4-umami,F7,r7,8,3,0.3750,KubernetesEvent|TestResult
s4-umami,F7,r8,8,3,0.3750,KubernetesEvent|TestResult
s4-umami,F7,r9,8,3,0.3750,KubernetesEvent|TestResult
s4-umami,F8,r1,5,1,0.2000,PodLog|TestResult|TraceSpan
s4-umami,F8,r10,5,1,0.2000,PodLog|TestResult|TraceSpan
s4-umami,F8,r2,5,1,0.2000,PodLog|TestResult|TraceSpan
s4-umami,F8,r3,5,1,0.2000,PodLog|TestResult|TraceSpan
s4-umami,F8,r4,5,1,0.2000,PodLog|TestResult|TraceSpan
s4-umami,F8,r5,5,1,0.2000,PodLog|TestResult|TraceSpan
s4-umami,F8,r6,5,1,0.2000,PodLog|TestResult|TraceSpan
s4-umami,F8,r7,5,1,0.2000,PodLog|TestResult|TraceSpan
s4-umami,F8,r8,5,1,0.2000,PodLog|TestResult|TraceSpan
s4-umami,F8,r9,5,1,0.2000,PodLog|TestResult|TraceSpan
s4-umami,F9,r1,5,1,0.2000,JobLog|TestResult
s4-umami,F9,r10,5,1,0.2000,JobLog|TestResult
s4-umami,F9,r2,5,1,0.2000,JobLog|TestResult
s4-umami,F9,r3,5,1,0.2000,JobLog|TestResult
s4-umami,F9,r4,5,1,0.2000,JobLog|TestResult
s4-umami,F9,r5,5,1,0.2000,JobLog|TestResult
s4-umami,F9,r6,5,1,0.2000,JobLog|TestResult
s4-umami,F9,r7,5,1,0.2000,JobLog|TestResult
s4-umami,F9,r8,5,1,0.2000,JobLog|TestResult
s4-umami,F9,r9,5,1,0.2000,JobLog|TestResult
s5-petclinic,F1,r1,4,0,0.0000,ChangedFile|JobLog|TestResult
s5-petclinic,F1,r10,4,0,0.0000,ChangedFile|JobLog|TestResult
s5-petclinic,F1,r2,4,0,0.0000,ChangedFile|JobLog|TestResult
s5-petclinic,F1,r3,4,0,0.0000,ChangedFile|JobLog|TestResult
s5-petclinic,F1,r4,6,0,0.0000,ChangedFile|JobLog|TestResult
s5-petclinic,F1,r5,6,0,0.0000,ChangedFile|JobLog|TestResult
s5-petclinic,F1,r6,4,0,0.0000,ChangedFile|JobLog|TestResult
s5-petclinic,F1,r7,4,0,0.0000,ChangedFile|JobLog|TestResult
s5-petclinic,F1,r8,4,0,0.0000,ChangedFile|JobLog|TestResult
s5-petclinic,F1,r9,4,0,0.0000,ChangedFile|JobLog|TestResult
s5-petclinic,F10,r1,7,0,0.0000,TestResult
s5-petclinic,F10,r10,9,0,0.0000,TestResult
s5-petclinic,F10,r2,8,0,0.0000,TestResult
s5-petclinic,F10,r3,7,0,0.0000,TestResult
s5-petclinic,F10,r4,7,0,0.0000,TestResult
s5-petclinic,F10,r5,7,0,0.0000,TestResult
s5-petclinic,F10,r6,7,0,0.0000,TestResult
s5-petclinic,F10,r7,7,0,0.0000,TestResult
s5-petclinic,F10,r8,9,0,0.0000,TestResult
s5-petclinic,F10,r9,9,0,0.0000,TestResult
s5-petclinic,F2,r1,6,2,0.3333,ChangedFile|KubernetesEvent|PodLog
s5-petclinic,F2,r10,6,2,0.3333,ChangedFile|KubernetesEvent|PodLog
s5-petclinic,F2,r2,6,2,0.3333,ChangedFile|KubernetesEvent|PodLog
s5-petclinic,F2,r3,6,2,0.3333,ChangedFile|KubernetesEvent|PodLog
s5-petclinic,F2,r4,6,2,0.3333,ChangedFile|KubernetesEvent|PodLog
s5-petclinic,F2,r5,8,4,0.5000,ChangedFile|KubernetesEvent|PodLog
s5-petclinic,F2,r6,8,4,0.5000,ChangedFile|KubernetesEvent|PodLog
s5-petclinic,F2,r7,8,4,0.5000,ChangedFile|KubernetesEvent|PodLog
s5-petclinic,F2,r8,7,3,0.4286,ChangedFile|KubernetesEvent|PodLog
s5-petclinic,F2,r9,6,2,0.3333,ChangedFile|KubernetesEvent|PodLog
s5-petclinic,F3,r1,6,3,0.5000,ChangedFile|KubernetesEvent
s5-petclinic,F3,r10,6,3,0.5000,ChangedFile|KubernetesEvent
s5-petclinic,F3,r2,6,3,0.5000,ChangedFile|KubernetesEvent
s5-petclinic,F3,r3,6,3,0.5000,ChangedFile|KubernetesEvent
s5-petclinic,F3,r4,6,3,0.5000,ChangedFile|KubernetesEvent
s5-petclinic,F3,r5,6,3,0.5000,ChangedFile|KubernetesEvent
s5-petclinic,F3,r6,6,3,0.5000,ChangedFile|KubernetesEvent
s5-petclinic,F3,r7,6,3,0.5000,ChangedFile|KubernetesEvent
s5-petclinic,F3,r8,6,3,0.5000,ChangedFile|KubernetesEvent
s5-petclinic,F3,r9,6,3,0.5000,ChangedFile|KubernetesEvent
s5-petclinic,F4,r1,5,0,0.0000,ChangedFile|TestResult
s5-petclinic,F4,r10,5,0,0.0000,ChangedFile|TestResult
s5-petclinic,F4,r2,6,0,0.0000,ChangedFile|TestResult
s5-petclinic,F4,r3,5,0,0.0000,ChangedFile|TestResult
s5-petclinic,F4,r4,5,0,0.0000,ChangedFile|TestResult
s5-petclinic,F4,r5,6,0,0.0000,ChangedFile|TestResult
s5-petclinic,F4,r6,5,0,0.0000,ChangedFile|TestResult
s5-petclinic,F4,r7,5,0,0.0000,ChangedFile|TestResult
s5-petclinic,F4,r8,5,0,0.0000,ChangedFile|TestResult
s5-petclinic,F4,r9,5,0,0.0000,ChangedFile|TestResult
s5-petclinic,F5,r1,8,0,0.0000,ChangedFile|TestResult
s5-petclinic,F5,r10,8,0,0.0000,ChangedFile|TestResult
s5-petclinic,F5,r2,7,0,0.0000,ChangedFile|TestResult
s5-petclinic,F5,r3,7,0,0.0000,ChangedFile|TestResult
s5-petclinic,F5,r4,7,0,0.0000,ChangedFile|TestResult
s5-petclinic,F5,r5,7,0,0.0000,ChangedFile|TestResult
s5-petclinic,F5,r6,7,0,0.0000,ChangedFile|TestResult
s5-petclinic,F5,r7,7,0,0.0000,ChangedFile|TestResult
s5-petclinic,F5,r8,9,0,0.0000,ChangedFile|TestResult
s5-petclinic,F5,r9,9,0,0.0000,ChangedFile|TestResult
s5-petclinic,F6,r1,7,3,0.4286,KubernetesEvent|PodLog
s5-petclinic,F6,r10,7,3,0.4286,KubernetesEvent|PodLog
s5-petclinic,F6,r2,7,3,0.4286,KubernetesEvent|PodLog
s5-petclinic,F6,r3,7,3,0.4286,KubernetesEvent|PodLog
s5-petclinic,F6,r4,7,3,0.4286,KubernetesEvent|PodLog
s5-petclinic,F6,r5,7,3,0.4286,KubernetesEvent|PodLog
s5-petclinic,F6,r6,7,3,0.4286,KubernetesEvent|PodLog
s5-petclinic,F6,r7,7,3,0.4286,KubernetesEvent|PodLog
s5-petclinic,F6,r8,7,3,0.4286,KubernetesEvent|PodLog
s5-petclinic,F6,r9,7,3,0.4286,KubernetesEvent|PodLog
s5-petclinic,F7,r1,6,1,0.1667,KubernetesEvent|TestResult
s5-petclinic,F7,r10,8,2,0.2500,KubernetesEvent|TestResult
s5-petclinic,F7,r2,6,1,0.1667,KubernetesEvent|TestResult
s5-petclinic,F7,r3,6,1,0.1667,KubernetesEvent|TestResult
s5-petclinic,F7,r4,7,2,0.2857,KubernetesEvent|TestResult
s5-petclinic,F7,r5,9,3,0.3333,KubernetesEvent|TestResult
s5-petclinic,F7,r6,7,1,0.1429,KubernetesEvent|TestResult
s5-petclinic,F7,r7,7,1,0.1429,KubernetesEvent|TestResult
s5-petclinic,F7,r8,7,1,0.1429,KubernetesEvent|TestResult
s5-petclinic,F7,r9,7,1,0.1429,KubernetesEvent|TestResult
s5-petclinic,F8,r1,5,1,0.2000,PodLog|TestResult|TraceSpan
s5-petclinic,F8,r10,5,1,0.2000,PodLog|TestResult|TraceSpan
s5-petclinic,F8,r2,5,1,0.2000,PodLog|TestResult|TraceSpan
s5-petclinic,F8,r3,5,1,0.2000,PodLog|TestResult|TraceSpan
s5-petclinic,F8,r4,5,1,0.2000,PodLog|TestResult|TraceSpan
s5-petclinic,F8,r5,5,1,0.2000,PodLog|TestResult|TraceSpan
s5-petclinic,F8,r6,5,1,0.2000,PodLog|TestResult|TraceSpan
s5-petclinic,F8,r7,5,1,0.2000,PodLog|TestResult|TraceSpan
s5-petclinic,F8,r8,5,1,0.2000,PodLog|TestResult|TraceSpan
s5-petclinic,F8,r9,5,1,0.2000,PodLog|TestResult|TraceSpan
s5-petclinic,F9,r1,5,1,0.2000,JobLog|TestResult
s5-petclinic,F9,r10,5,1,0.2000,JobLog|TestResult
s5-petclinic,F9,r2,5,1,0.2000,JobLog|TestResult
s5-petclinic,F9,r3,5,1,0.2000,JobLog|TestResult
s5-petclinic,F9,r4,5,1,0.2000,JobLog|TestResult
s5-petclinic,F9,r5,5,1,0.2000,JobLog|TestResult
s5-petclinic,F9,r6,5,1,0.2000,JobLog|TestResult
s5-petclinic,F9,r7,5,1,0.2000,JobLog|TestResult
s5-petclinic,F9,r8,5,1,0.2000,JobLog|TestResult
s5-petclinic,F9,r9,5,1,0.2000,JobLog|TestResult
